route,page_id,title,indexing,description
/,home,Physician Medical Record & IME Report Review for Litigation — Medisprudence,index,"Physician medical record and IME report review for litigation, including case viability screening, denial defensibility, medical reserve analysis, MHPAEA parity review, and clinical denial pattern audits."
/why,why,Why Medisprudence — The Payer Reviewer Advantage,index,Not a positioning claim — a factual comparison. Four alternatives. One background that no alternative has.
/ime-deconstruction,svc-ime,IME Report Deconstruction — Medisprudence,index,"Physician-authored IME report deconstruction for plaintiff teams: unsupported assertions, omitted medical facts, contradictions, and deposition questions."
/samples,results,Sample Physician-Authored Medical Case Intelligence Deliverables — Medisprudence,index,Full-format specimen deliverables for every service. All samples use fictional clinical data. Methodology is real. No PHI appears in any sample.
/about,about,About — Medisprudence,index,Medisprudence exists because of a specific payer-side physician reviewer background and a commitment to following the medical analysis rather than a side.
/faq,faq,FAQ — Medisprudence,index,"Medisprudence delivers physician-authored medical case intelligence: IME report deconstruction, case viability screening, defense vulnerability analysis."
/contact,contact,Contact Medisprudence — Medical Case Intelligence,noindex,"For general inquiries, partnership discussions, or questions before submitting a case review request."
/intake,intake,Request a Physician-Led Case Review — Medisprudence,noindex,"Do not send PHI by email or through this form. Describe the case type, injury, and the decision you need to make. Medisprudence will confirm scope."
/security,security,Data Security — Medisprudence,noindex,No PHI by email — ever. BAA executed before records are transmitted. Cross-border processing disclosed before engagement. PHI not entered into public AI.
/privacy,privacy,Privacy Policy — Medisprudence,noindex,Last updated: 2026. This policy applies to medisprudence.com and all Medisprudence services.
/terms,terms,Terms of Use — Medisprudence,noindex,"Medisprudence provides physician-directed medical case intelligence under attorney supervision. All deliverables are for attorney use only, under attorney direction, and are not independent expert testimony."
/ai-use-policy,ai-use,AI Use Disclosure — Medisprudence,noindex,"AI-assisted extraction is used in Stage 1 of the Medisprudence workflow — capturing dates, providers, diagnoses, procedures, and page references from records for physician verification."
/packages,packages,Case Packages &amp; Bundles — Medisprudence,index,"Bundled below à la carte rates and structured so that the entire engagement advances as a single case cost — no per-service decisions, duplicate scoping, or unnecessary fragmented engagement steps."
/case-viability-screening,svc-cva,Case Viability Screening — Pre-Expert Medical Record Assessment — Medisprudence,index,Case viability screening before expert commitment: pre-expert medical record assessment by a physician with payer-side utilization review experience.
/medical-charge-necessity-review,svc-mcnr,"Medical Charge & Necessity Review — Specials, Necessity & Reasonableness — Medisprudence",index,"Physician review of whether claimed medical specials are clinically necessary, related to the injury, correctly coded, and reasonable in amount — by a physician with payer-side utilization review experience."
/defense-medical-lens,svc-dml,Defense Medical Lens™ — Medisprudence,index,"Defense Medical Lens analysis simulates how a defense medical reviewer will evaluate causation, documentation gaps, and case pressure points before mediation."
/full-intelligence-report,svc-cmip,Full Intelligence Report — Medisprudence,index,"A full physician-authored medical case intelligence report covering chronology, causation coherence, pre-existing conditions, treatment gaps, and defense vulnerabilities."
/defense-vulnerability-analysis,svc-dva,Defense Vulnerability Analysis — Medisprudence,index,"Defense vulnerability analysis identifies where a medical case is exposed to defense scrutiny, IME attack, causation challenge, or documentation weakness."
/expert-readiness-brief,svc-erb,Expert Readiness Brief — Medisprudence,index,"Expert readiness brief for litigation teams: physician-authored medical issues, record gaps, and clinical questions before retaining or preparing an expert."
/pre-existing-condition-dossier,svc-pec,Pre-existing Condition Dossier — Medisprudence,index,"Pre-existing condition dossier separating baseline disease, aggravation, acceleration, and causation issues in personal injury and disability matters."
/treatment-gap-analysis,svc-tga,Treatment Gap Analysis — Medisprudence,index,"Treatment gap analysis for litigation: physician review of medical record continuity, delay explanations, and defense attack points."
/white-label,svc-wl,White-Label for LNC Firms — Medisprudence,index,"White-label physician medical case intelligence for legal nurse consultants, litigation support firms, and attorney-facing medical review teams."
/personal-injury,pa-pi,Personal Injury — Medisprudence,index,"Spine, TBI, and soft-tissue cases with contested IMEs and causation disputes are where Medisprudence delivers the highest per-case value."
/medical-malpractice,pa-mm,Medical Malpractice — Medisprudence,index,Standard-of-care documentation analysis and pre-expert case intelligence for plaintiff and defense med-mal teams. The most expensive mistake in med-mal is committing to an expert direction before the medicine has been stress-tested.
/bad-faith-insurance,pa-bf,Bad Faith Insurance Litigation — Medisprudence,index,"Medical case intelligence for bad faith insurance litigation, including denial defensibility, utilization review records, and criteria application analysis."
/workers-compensation,pa-wc,Workers Compensation — Medisprudence,index,"Causation disputes and treatment necessity analysis for claimant attorneys, defense firms, TPAs, and carriers — using documentation-threshold logic familiar from payer-side and utilization review scrutiny."
/mass-tort-mdl,pa-mt,Mass Tort / MDL — Medisprudence,index,Bellwether case viability screening and medical record analysis at scale — before the expert and bellwether commitment that determines the value of an MDL or high-volume litigation strategy.
/analysis,analysis,Analysis — Medisprudence,index,"Medisprudence analysis articles on IME defects, payer-side review, case viability, medical reserve analysis, MHPAEA, ERISA, and utilization management litigation."
/analysis/payer-reviewer-perspective,blog-1,What a Payer Reviewer Actually Looks For in a Medical Record — Medisprudence,index,"Most writing about utilization review is written from the outside. This article explains what payer reviewers actually look for in the medical record."
/analysis/defense-ime-defects,blog-2,Seven Defects We Find in Almost Every Defense IME Report — Medisprudence,index,"Defense IME reports follow a recognizable internal logic. The physician retained by the defense or the carrier is asked, in some form, three questions: is."
/analysis/more-likely-than-not,blog-3,More Likely Than Not: What the Medical Evidence Actually Has to Show — Medisprudence,index,"The civil standard of proof in most US jurisdictions is, in formulation, simple. The plaintiff must establish that the claimed injury was, more likely."
/analysis/viability-before-expert,blog-4,"Why Case Viability Screening Before You Retain an Expert Saves $5,000+ — Medisprudence",index,"The standard sequence in a personal injury or medical malpractice case is well-established: gather the records, identify the theory, retain an expert."
/analysis/physician-vs-lnc,blog-5,Physician Case Intelligence vs. Legal Nurse Consulting — Medisprudence,index,"The legal nurse consulting profession has been an established part of litigation support for several decades. It is, on its own terms, a valuable layer of."
/analysis/pre-existing-conditions,blog-6,Pre-existing Conditions in PI Cases — Medisprudence,index,"Pre-existing pathology is the single most common defense angle in soft-tissue, orthopedic, and chronic-pain personal injury cases. It is also, with."
/ltd-erisa,pa-ltderisa,Long-Term Disability & ERISA — Medisprudence,index,"Physician-led medical case intelligence for long-term disability and ERISA matters involving medical necessity, functional capacity, and UM record defensibility."
/conflict-policy,conflict-policy,How We Handle Both Sides — Medisprudence,noindex,"Medisprudence serves both plaintiff and defense — with conflict checks on every matter. This page explains the process, the safeguards, and why bilateral."
/plaintiff-teams,plaintiff-teams,Plaintiff Teams — Medisprudence,index,"IME deconstruction, case viability screening, Defense Medical Lens pre-mediation analysis, and full intelligence reports — from a physician who has."
/defense-carriers,defense-carriers,Defense & Carriers — Medisprudence,index,"IME quality review, plaintiff expert deconstruction, medical reserve analysis, UR process audit, and bellwether defense screening — the same analytical."
/ime-quality-review,svc-imeqr,IME Quality Review — Medisprudence,index,"Pre-submission IME quality review for defense teams, carriers, and TPAs to identify report defects before plaintiff cross-examination."
/plaintiff-expert-analysis,svc-pea,Plaintiff Expert Report Analysis — Medisprudence,index,"Physician-authored plaintiff expert report analysis identifying unsupported assertions, omitted contrary evidence, Daubert issues, and deposition questions."
/medical-reserve-analysis,svc-mra,Medical Reserve Analysis — Medisprudence,index,Medical reserve analysis for claims operations: physician-authored clinical exposure assessment for reserve decisions and audit-ready documentation.
/ur-process-audit,svc-urpa,UR Process Audit — Medisprudence,index,"Utilization review process audit assessing whether criteria application, peer-to-peer documentation, and denial defensibility can withstand litigation scrutiny."
/bellwether-defense-screening,svc-bds,Bellwether Defense Screening — Medisprudence,index,"For MDL defense and mass tort defense coordination — physician evaluation of plaintiff medical claims at volume under consistent criteria, calibrated to."
/analysis/ime-quality-pre-submission,blog-7,Before Your IME Goes Out — Medisprudence,index,This article mirrors our plaintiff-facing piece on the seven defects found in defense IME reports — but addresses it from the other direction. If you are.
/analysis/reserve-setting-medical-evidence,blog-8,Reserve-Setting with Medical Evidence — Medisprudence,index,Reserve decisions in liability claims are fundamentally medical judgments expressed as dollar ranges. The clinical question — what does the medical record.
/analysis/plaintiff-expert-daubert,blog-9,Plaintiff Expert Report Daubert Defects — Medisprudence,index,Plaintiff medical expert reports fail Daubert challenges for a limited set of identifiable reasons. The analytical defects are the mirror image of the.
/analysis/criteria-application-bad-faith,blog-10,Criteria Application in Bad Faith Defense — Medisprudence,index,"When a plaintiff sues an insurer for bad faith denial, the central medical question is whether the insurer's physician reviewer applied criteria."
/analysis/ur-record-subpoena,blog-11,The UR Record: What Plaintiff Will Subpoena — Medisprudence,index,"In bad faith insurance litigation, the UR file is the central document. Plaintiff's counsel will subpoena the complete utilization review record — every."
/analysis/mhpaea-nqtl-um-practice,blog-12,MHPAEA NQTL Categories in Utilization Management Practice — Medisprudence,index,"Most writing about MHPAEA and the six NQTL categories is written by attorneys, compliance consultants, and actuaries. It describes the legal requirements."
/analysis/denial-clinical-defensibility,blog-13,Medical Necessity Denial Clinical Defensibility — Medisprudence,index,Every medical necessity denial is ultimately a clinical assertion: the evidence in the record does not meet the criteria threshold for the requested.
/analysis/erisa-fiduciary-um-physician,blog-14,ERISA Fiduciary Defense and UM Physician Review — Medisprudence,index,"When an ERISA benefits attorney is defending a plan fiduciary against a breach-of-fiduciary-duty claim, the central question is whether the plan's benefit."
/mhpaea-parity-review,svc-mhpaea,MHPAEA Behavioral Health Parity Review — Medisprudence,index,MHPAEA behavioral health parity review comparing utilization management criteria and NQTLs for ERISA benefits attorneys and plan sponsors.
/clinical-denial-pattern-audit,svc-dpa,Clinical Denial Pattern Audit — Medisprudence,index,"Clinical denial pattern audit for ERISA and plan defensibility: physician-authored review of claim samples, criteria mismatch, and denial trends."
/compliance-consulting,compliance,Compliance Consulting — Medisprudence,index,Physician-authored clinical analysis for ERISA benefits attorneys and plan compliance officers — the same payer-side UM credential applied to plan-level.
/medical-evidence-in-litigation,fieldguide,Medical Evidence in Litigation: A Physician Reviewer’s Field Guide — Medisprudence,index,"Physician reviewer field guide on medical records, IME reports, medical necessity criteria, expert opinions, and litigation evidence."
/medical-review-signal-check,signal-check,Medical Review Signal Check — Medisprudence,index,"No-PHI triage tool for routing IME analysis, case viability review, payer criteria analysis, defense exposure, and compliance review."
/analysis/billed-paid-reasonable,blog-15,"Billed, Paid, and Reasonable Are Three Different Numbers: How a Payer Reviewer Reads a Medical Bill — Medisprudence",index,"The billed total on a medical bill is the least informative number on it. Billed, allowed, paid, Medicare, and reasonable value are five different figures, and the gaps between them decide the damages fight."
/analysis/reasonable-and-necessary,blog-16,When 'Reasonable' and 'Necessary' Get Fought in the Same Breath — Medisprudence,index,"Medical necessity and charge reasonableness are usually answered by two different people who never compare notes. Why that split is the biggest structural weakness in how medical bills get litigated."
